{
    "trajectory_num_0": {
        "waypoints_num_0": [
            0.0, 
            0.0, 
            0.0, 
            0.0, 
            0.0, 
            0.0
        ], 
        "waypoints_num_1": [
            -0.010794898736447794, 
            -0.03697818065086103, 
            -0.045348353472301824, 
            -0.02265358445869788, 
            0.03184552130885131, 
            -0.03280877008220705
        ], 
        "waypoints_num_10": [
            -0.10794898736447794, 
            -0.3697818065086103, 
            -0.4534835347230182, 
            -0.22653584458697879, 
            0.3184552130885131, 
            -0.3280877008220705
        ], 
        "waypoints_num_11": [
            -0.11874388610092573, 
            -0.40675998715947137, 
            -0.49883188819532004, 
            -0.24918942904567667, 
            0.35030073439736437, 
            -0.3608964709042775
        ], 
        "waypoints_num_12": [
            -0.12953878483737352, 
            -0.4437381678103324, 
            -0.5441802416676219, 
            -0.27184301350437456, 
            0.3821462557062157, 
            -0.3937052409864846
        ], 
        "waypoints_num_13": [
            -0.1403336835738213, 
            -0.4807163484611934, 
            -0.5895285951399237, 
            -0.2944965979630724, 
            0.413991777015067, 
            -0.42651401106869163
        ], 
        "waypoints_num_14": [
            -0.15112858231026913, 
            -0.5176945291120545, 
            -0.6348769486122255, 
            -0.3171501824217703, 
            0.4458372983239183, 
            -0.45932278115089864
        ], 
        "waypoints_num_15": [
            -0.16192348104671692, 
            -0.5546727097629155, 
            -0.6802253020845274, 
            -0.3398037668804682, 
            0.4776828196327696, 
            -0.4921315512331057
        ], 
        "waypoints_num_16": [
            -0.1727183797831647, 
            -0.5916508904137765, 
            -0.7255736555568292, 
            -0.36245735133916607, 
            0.5095283409416209, 
            -0.5249403213153128
        ], 
        "waypoints_num_17": [
            -0.1835132785196125, 
            -0.6286290710646375, 
            -0.770922009029131, 
            -0.38511093579786393, 
            0.5413738622504722, 
            -0.5577490913975198
        ], 
        "waypoints_num_18": [
            -0.19430817725606028, 
            -0.6656072517154985, 
            -0.8162703625014328, 
            -0.40776452025656185, 
            0.5732193835593236, 
            -0.5905578614797269
        ], 
        "waypoints_num_19": [
            -0.2051030759925081, 
            -0.7025854323663596, 
            -0.8616187159737346, 
            -0.4304181047152597, 
            0.6050649048681749, 
            -0.623366631561934
        ], 
        "waypoints_num_2": [
            -0.021589797472895588, 
            -0.07395636130172206, 
            -0.09069670694460365, 
            -0.04530716891739576, 
            0.06369104261770261, 
            -0.0656175401644141
        ], 
        "waypoints_num_20": [
            -0.2158979747289559, 
            -0.7395636130172206, 
            -0.9069670694460364, 
            -0.45307168917395757, 
            0.6369104261770262, 
            -0.656175401644141
        ], 
        "waypoints_num_21": [
            -0.22669287346540368, 
            -0.7765417936680816, 
            -0.9523154229183383, 
            -0.4757252736326555, 
            0.6687559474858774, 
            -0.688984171726348
        ], 
        "waypoints_num_22": [
            -0.23748777220185147, 
            -0.8135199743189427, 
            -0.9976637763906401, 
            -0.49837885809135335, 
            0.7006014687947287, 
            -0.721792941808555
        ], 
        "waypoints_num_23": [
            -0.24828267093829925, 
            -0.8504981549698037, 
            -1.043012129862942, 
            -0.5210324425500512, 
            0.73244699010358, 
            -0.7546017118907621
        ], 
        "waypoints_num_24": [
            -0.25907756967474704, 
            -0.8874763356206647, 
            -1.0883604833352438, 
            -0.5436860270087491, 
            0.7642925114124314, 
            -0.7874104819729691
        ], 
        "waypoints_num_25": [
            -0.26987246841119483, 
            -0.9244545162715258, 
            -1.1337088368075456, 
            -0.5663396114674469, 
            0.7961380327212827, 
            -0.8202192520551762
        ], 
        "waypoints_num_26": [
            -0.2806673671476426, 
            -0.9614326969223868, 
            -1.1790571902798475, 
            -0.5889931959261449, 
            0.827983554030134, 
            -0.8530280221373833
        ], 
        "waypoints_num_27": [
            -0.29146226588409047, 
            -0.9984108775732479, 
            -1.2244055437521493, 
            -0.6116467803848428, 
            0.8598290753389853, 
            -0.8858367922195903
        ], 
        "waypoints_num_28": [
            -0.30225716462053825, 
            -1.035389058224109, 
            -1.269753897224451, 
            -0.6343003648435406, 
            0.8916745966478365, 
            -0.9186455623017973
        ], 
        "waypoints_num_29": [
            -0.31305206335698604, 
            -1.0723672388749699, 
            -1.315102250696753, 
            -0.6569539493022385, 
            0.9235201179566879, 
            -0.9514543323840043
        ], 
        "waypoints_num_3": [
            -0.03238469620934338, 
            -0.1109345419525831, 
            -0.13604506041690548, 
            -0.06796075337609364, 
            0.09553656392655392, 
            -0.09842631024662114
        ], 
        "waypoints_num_30": [
            -0.32384696209343383, 
            -1.109345419525831, 
            -1.3604506041690547, 
            -0.6796075337609364, 
            0.9553656392655392, 
            -0.9842631024662114
        ], 
        "waypoints_num_31": [
            -0.3346418608298816, 
            -1.1463236001766919, 
            -1.4057989576413565, 
            -0.7022611182196342, 
            0.9872111605743905, 
            -1.0170718725484185
        ], 
        "waypoints_num_32": [
            -0.3454367595663294, 
            -1.183301780827553, 
            -1.4511473111136584, 
            -0.7249147026783321, 
            1.0190566818832418, 
            -1.0498806426306255
        ], 
        "waypoints_num_33": [
            -0.3562316583027772, 
            -1.220279961478414, 
            -1.4964956645859602, 
            -0.74756828713703, 
            1.0509022031920932, 
            -1.0826894127128326
        ], 
        "waypoints_num_34": [
            -0.367026557039225, 
            -1.257258142129275, 
            -1.541844018058262, 
            -0.7702218715957279, 
            1.0827477245009445, 
            -1.1154981827950397
        ], 
        "waypoints_num_35": [
            -0.3778214557756728, 
            -1.2942363227801361, 
            -1.5871923715305638, 
            -0.7928754560544258, 
            1.1145932458097958, 
            -1.1483069528772467
        ], 
        "waypoints_num_36": [
            -0.38861635451212057, 
            -1.331214503430997, 
            -1.6325407250028656, 
            -0.8155290405131237, 
            1.1464387671186471, 
            -1.1811157229594538
        ], 
        "waypoints_num_37": [
            -0.39941125324856835, 
            -1.3681926840818581, 
            -1.6778890784751674, 
            -0.8381826249718215, 
            1.1782842884274984, 
            -1.2139244930416608
        ], 
        "waypoints_num_38": [
            -0.4102061519850162, 
            -1.4051708647327192, 
            -1.7232374319474693, 
            -0.8608362094305194, 
            1.2101298097363498, 
            -1.246733263123868
        ],