{
	"0th_selected_viewpoint" : 
	{
		"0th_candidate_joint_solution" : 
		[
			-0.75418359041213989,
			0.98618650436401367,
			1.5586129426956177,
			0.57242637872695923,
			2.3249800205230713,
			-1.5707963705062866
		],
		"1th_candidate_joint_solution" : 
		[
			-0.75418359041213989,
			-0.49881339073181152,
			-1.5586129426956177,
			-1.0597995519638062,
			2.3249800205230713,
			-1.5707963705062866
		],
		"2th_candidate_joint_solution" : 
		[
			-2.387408971786499,
			0.49881336092948914,
			1.5586129426956177,
			1.0597995519638062,
			-2.3249797821044922,
			-1.5707962512969971
		],
		"3th_candidate_joint_solution" : 
		[
			-2.387408971786499,
			-0.98618650436401367,
			-1.5586129426956177,
			-0.57242637872695923,
			-2.3249797821044922,
			-1.5707962512969971
		]
	},
	"1th_selected_viewpoint" : 
	{
		"0th_candidate_joint_solution" : 
		[
			-0.75418359041213989,
			1.7494245767593384,
			2.5296814441680908,
			0.78025674819946289,
			2.3249800205230713,
			-1.5707963705062866
		],
		"1th_candidate_joint_solution" : 
		[
			-2.387408971786499,
			-1.7494245767593384,
			-2.5296814441680908,
			-0.78025668859481812,
			-2.3249797821044922,
			-1.5707962512969971
		]
	},
	"2th_selected_viewpoint" : 
	{
		"0th_candidate_joint_solution" : 
		[
			-0.69086533784866333,
			-0.065814010798931122,
			2.9023916721343994,
			2.0540239810943604,
			2.0382018089294434,
			-2.0998377799987793
		],
		"1th_candidate_joint_solution" : 
		[
			-0.69086533784866333,
			-2.3666818141937256,
			-2.9023916721343994,
			-1.4498913288116455,
			2.0382018089294434,
			-2.0998377799987793
		]
	},
	"3th_selected_viewpoint" : 
	{
		"0th_candidate_joint_solution" : 
		[
			0.41610381007194519,
			-0.080463767051696777,
			-2.343209981918335,
			0.87884634733200073,
			-1.1546924114227295,
			-1.5707962512969971
		],
		"1th_candidate_joint_solution" : 
		[
			-1.8134235143661499,
			0.080463789403438568,
			2.343209981918335,
			-0.87884622812271118,
			2.89896559715271,
			-1.5707961320877075
		]
	},
	"4th_selected_viewpoint" : 
	{
		"0th_candidate_joint_solution" : 
		[
			1.0012625455856323,
			1.7611805200576782,
			-1.9380122423171997,
			1.5077406167984009,
			0.93291878700256348,
			-0.73586559295654297
		]
	},
	"5th_selected_viewpoint" : 
	{
		"0th_candidate_joint_solution" : 
		[
			-2.4507274627685547,
			0.065814025700092316,
			-2.9023916721343994,
			-2.0540242195129395,
			-2.0382015705108643,
			-1.0417548418045044
		]
	},
	"6th_selected_viewpoint" : 
	{
		"0th_candidate_joint_solution" : 
		[
			-1.3281692266464233,
			-0.080463774502277374,
			-2.343209981918335,
			0.87884622812271118,
			-2.8989653587341309,
			-1.5707964897155762
		],
		"1th_candidate_joint_solution" : 
		[
			2.7254889011383057,
			0.080463752150535583,
			2.343209981918335,
			-0.87884634733200073,
			1.154692530632019,
			-1.5707963705062866
		],
		"2th_candidate_joint_solution" : 
		[
			2.7254889011383057,
			-2.0864806175231934,
			-2.343209981918335,
			2.8848631381988525,
			1.154692530632019,
			-1.5707963705062866
		]
	},
	"7th_selected_viewpoint" : 
	{
		"0th_candidate_joint_solution" : 
		[
			2.1403300762176514,
			-1.7611805200576782,
			1.9380122423171997,
			-1.5077404975891113,
			-0.9329187273979187,
			-2.4057271480560303
		]
	}
}