{
	"0th_selected_viewpointposition" : 
	[
		-0.20000000298023224,
		0,
		1.25,
		1.5707963705062866,
		0,
		1.5707963705062866
	],
	"1th_selected_viewpointposition" : 
	[
		-0.20000000298023224,
		0,
		0.69999998807907104,
		1.5707963705062866,
		0,
		1.5707963705062866
	],
	"2th_selected_viewpointposition" : 
	[
		0.20000000298023224,
		-0.30000001192092896,
		0.30000001192092896,
		2.3561944961547852,
		0,
		1.5707963705062866
	],
	"3th_selected_viewpointposition" : 
	[
		-0.20000000298023224,
		-0.34999999403953552,
		0.20000000298023224,
		-1.5707963705062866,
		0,
		-1.5707963705062866
	],
	"4th_selected_viewpointposition" : 
	[
		0.20000000298023224,
		-0.30000001192092896,
		-0.40000000596046448,
		2.3561944961547852,
		0,
		1.5707963705062866
	],
	"5th_selected_viewpointposition" : 
	[
		0.20000000298023224,
		0.30000001192092896,
		0.30000001192092896,
		2.3561944961547852,
		0,
		1.5707963705062866
	],
	"6th_selected_viewpointposition" : 
	[
		-0.20000000298023224,
		0.34999999403953552,
		0.20000000298023224,
		-1.5707963705062866,
		0,
		-1.5707963705062866
	],
	"7th_selected_viewpointposition" : 
	[
		0.20000000298023224,
		0.30000001192092896,
		-0.40000000596046448,
		2.3561944961547852,
		0,
		1.5707963705062866
	]
}