{
	"0th_selected_viewpoint" : 
	{
		"0th_candidate_joint_solution" : 
		[
			-2.2769107818603516,
			-0.87633979320526123,
			-2.2455389499664307,
			-1.3691990375518799,
			-2.4354782104492188,
			-1.5707962512969971
		],
		"1th_candidate_joint_solution" : 
		[
			-2.2769107818603516,
			-0.87633979320526123,
			-2.2455389499664307,
			-1.3691990375518799,
			-2.4354782104492188,
			-1.5707962512969971
		]
	}
}