{
	"0th_selected_viewpoint" : 
	{
		"0th_candidate_joint_solution" : 
		[
			-43.211540222167969,
			56.504322052001953,
			89.30194091796875,
			32.797615051269531,
			133.2115478515625,
			-90
		]
	},
	"1th_selected_viewpoint" : 
	{
		"0th_candidate_joint_solution" : 
		[
			-43.211540222167969,
			100.23464202880859,
			144.9400634765625,
			44.705417633056641,
			133.2115478515625,
			-90
		]
	},
	"2th_selected_viewpoint" : 
	{
		"0th_candidate_joint_solution" : 
		[
			-39.583667755126953,
			-135.60087585449219,
			-166.29478454589844,
			-83.072654724121094,
			116.78035736083984,
			-120.31184387207031
		]
	},
	"3th_selected_viewpoint" : 
	{
		"0th_candidate_joint_solution" : 
		[
			-103.90151214599609,
			4.6102356910705566,
			134.25604248046875,
			-50.354179382324219,
			166.09848022460938,
			-89.999992370605469
		]
	},
	"4th_selected_viewpoint" : 
	{
		"0th_candidate_joint_solution" : 
		[
			57.368118286132812,
			100.90821075439453,
			-111.0399169921875,
			86.387176513671875,
			53.452308654785156,
			-42.161994934082031
		]
	},
	"5th_selected_viewpoint" : 
	{
		"0th_candidate_joint_solution" : 
		[
			-140.41633605957031,
			3.7708656787872314,
			-166.29478454589844,
			-117.68692016601562,
			-116.78034973144531,
			-59.688156127929688
		]
	},
	"6th_selected_viewpoint" : 
	{
		"0th_candidate_joint_solution" : 
		[
			-76.098495483398438,
			-4.6102347373962402,
			-134.25604248046875,
			50.354179382324219,
			-166.09848022460938,
			-90.000015258789062
		]
	},
	"7th_selected_viewpoint" : 
	{
		"0th_candidate_joint_solution" : 
		[
			122.63187408447266,
			-100.90821075439453,
			111.0399169921875,
			-86.387161254882812,
			-53.452304840087891,
			-137.8380126953125
		]
	}
}