{
	"0th_selected_viewpoint" : 
	{
		"0th_candidate_joint_solution" : 
		[
			-0.75418359041213989,
			0.81850552558898926,
			1.2628136873245239,
			0.44430810213088989,
			2.3249800205230713,
			-1.5707963705062866
		],
		"1th_candidate_joint_solution" : 
		[
			-0.75418359041213989,
			-0.38980600237846375,
			-1.2628136873245239,
			-0.87300771474838257,
			2.3249800205230713,
			-1.5707963705062866
		],
		"2th_candidate_joint_solution" : 
		[
			-2.387408971786499,
			0.38980600237846375,
			1.2628136873245239,
			0.87300771474838257,
			-2.3249800205230713,
			-1.5707962512969971
		],
		"3th_candidate_joint_solution" : 
		[
			-2.387408971786499,
			-0.81850552558898926,
			-1.2628136873245239,
			-0.44430810213088989,
			-2.3249800205230713,
			-1.5707962512969971
		]
	},
	"1th_selected_viewpoint" : 
	{
		"0th_candidate_joint_solution" : 
		[
			-0.75418359041213989,
			1.5434437990188599,
			2.3475382328033447,
			0.80409437417984009,
			2.3249800205230713,
			-1.5707963705062866
		],
		"1th_candidate_joint_solution" : 
		[
			-2.387408971786499,
			-1.5434437990188599,
			-2.3475382328033447,
			-0.80409437417984009,
			-2.3249800205230713,
			-1.5707962512969971
		]
	},
	"2th_selected_viewpoint" : 
	{
		"0th_candidate_joint_solution" : 
		[
			1.3296999931335449,
			2.2426145076751709,
			2.4903769493103027,
			-1.0886548757553101,
			0.81391853094100952,
			-0.33464697003364563
		],
		"1th_candidate_joint_solution" : 
		[
			1.3296999931335449,
			-0.027848348021507263,
			-2.4903769493103027,
			2.4842395782470703,
			0.81391853094100952,
			-0.33464697003364563
		],
		"2th_candidate_joint_solution" : 
		[
			1.3296999931335449,
			1.7983583211898804,
			2.6988663673400879,
			2.705683708190918,
			-0.81391853094100952,
			2.80694580078125
		],
		"3th_candidate_joint_solution" : 
		[
			1.3296999931335449,
			-0.57223427295684814,
			-2.6988663673400879,
			-0.32145673036575317,
			-0.81391853094100952,
			2.80694580078125
		],
		"4th_candidate_joint_solution" : 
		[
			-0.49214589595794678,
			0.25643008947372437,
			2.7826626300811768,
			1.6778349876403809,
			1.9114686250686646,
			-1.9331686496734619
		]
	},
	"3th_selected_viewpoint" : 
	{
		"0th_candidate_joint_solution" : 
		[
			1.167572021484375,
			1.7226097583770752,
			-2.1764123439788818,
			1.187292218208313,
			0.86268901824951172,
			-0.54284399747848511
		]
	},
	"4th_selected_viewpoint" : 
	{
		"0th_candidate_joint_solution" : 
		[
			0.41610381007194519,
			2.8569045066833496,
			2.4662477970123291,
			-0.39065691828727722,
			1.154692530632019,
			-1.5707962512969971
		],
		"1th_candidate_joint_solution" : 
		[
			-1.8134235143661499,
			-2.8569045066833496,
			-2.46624755859375,
			0.39065706729888916,
			-2.89896559715271,
			-1.5707961320877075
		]
	},
	"5th_selected_viewpoint" : 
	{
		"0th_candidate_joint_solution" : 
		[
			-2.6494467258453369,
			-0.25643008947372437,
			-2.7826626300811768,
			-1.6778349876403809,
			-1.9114686250686646,
			-1.2084239721298218
		]
	},
	"6th_selected_viewpoint" : 
	{
		"0th_candidate_joint_solution" : 
		[
			-1.3281691074371338,
			2.8569045066833496,
			2.46624755859375,
			-0.39065706729888916,
			2.89896559715271,
			-1.5707964897155762
		],
		"1th_candidate_joint_solution" : 
		[
			2.7254889011383057,
			-2.8569045066833496,
			-2.4662477970123291,
			0.39065691828727722,
			-1.154692530632019,
			-1.5707963705062866
		]
	},
	"7th_selected_viewpoint" : 
	{
		"0th_candidate_joint_solution" : 
		[
			1.9740206003189087,
			-1.7226097583770752,
			2.1764123439788818,
			-1.187292218208313,
			-0.86268901824951172,
			-2.5987486839294434
		]
	}
}