{
	"0th_selected_viewpoint" : 
	{
		"0th_candidate_joint_solution" : 
		[
			-2.387408971786499,
			-1.2874053716659546,
			2.5987222194671631,
			0.74453502893447876,
			2.3249800205230713,
			1.5707963705062866
		],
		"1th_candidate_joint_solution" : 
		[
			-2.387408971786499,
			2.6633424758911133,
			-2.5987222194671631,
			-2.1204719543457031,
			2.3249800205230713,
			1.5707963705062866
		],
		"2th_candidate_joint_solution" : 
		[
			-2.387408971786499,
			-1.6443346738815308,
			2.2977426052093506,
			-2.3411078453063965,
			-2.3249800205230713,
			-1.5707962512969971
		],
		"3th_candidate_joint_solution" : 
		[
			-2.387408971786499,
			2.5068044662475586,
			-2.2977426052093506,
			1.4786381721496582,
			-2.3249800205230713,
			-1.5707962512969971
		]
	}
}